team,full_member_from,note
England,1909-06-15,founder member
Australia,1909-06-15,founder member
South Africa,1909-06-15,founder member
India,1926-05-31,
New Zealand,1926-05-31,
West Indies,1926-05-31,
Pakistan,1952-07-28,
Sri Lanka,1981-07-21,
Zimbabwe,1992-07-08,
Bangladesh,2000-06-26,
Ireland,2017-06-22,promoted at the ICC annual conference; associate when its first ODI in the data was played
Afghanistan,2017-06-22,promoted at the ICC annual conference; associate when its first ODI (2009) was played
