match_key,match_id,odi_no,start_date,team1,team2,venue,city,venue_country,result,winner,method,decided_by,has_play,margin,source_page,source_revid,check_article,check_status,note
390253,390253,2842,2009-04-19,Afghanistan,Scotland,"Willowmoore Park, Benoni",Benoni,South Africa,win,Afghanistan,,play,1,89 runs,International cricket in 2009,1375666360,2009 Cricket World Cup Qualifier,confirmed,
415172,415172,2880,2009-08-30,Afghanistan,Netherlands,"VRA Cricket Ground, Amstelveen",Amstelveen,Netherlands,win,Netherlands,,play,1,8 runs,International cricket in 2009,1375666360,Afghan cricket team in the Netherlands in 2009,confirmed,
415173,415173,2881,2009-09-01,Afghanistan,Netherlands,"VRA Cricket Ground, Amstelveen",Amstelveen,Netherlands,win,Afghanistan,,play,1,6 wickets,International cricket in 2009,1375666360,Afghan cricket team in the Netherlands in 2009,confirmed,
441780,441780,2957,2010-02-16,Afghanistan,Canada,"Sharjah Cricket Association Stadium, Sharjah, UAE",UAE,United Arab Emirates,win,Afghanistan,,play,1,1 run,International cricket in 2009–10,1313015279,Canadian cricket team against Afghanistan in UAE in 2009–10,confirmed,
441781,441781,2959,2010-02-18,Afghanistan,Canada,"Sharjah Cricket Association Stadium, Sharjah, UAE",UAE,United Arab Emirates,win,Canada,,play,1,4 wickets,International cricket in 2009–10,1313015279,Canadian cricket team against Afghanistan in UAE in 2009–10,confirmed,
450370,450370,3005,2010-07-01,Canada,Afghanistan,"Sportpark Westvliet, Voorburg",Voorburg,Netherlands,win,Afghanistan,,play,1,6 wickets,International cricket in 2010,1339583237,2010 ICC World Cricket League Division One,confirmed,
450373,450373,3008,2010-07-03,Ireland,Afghanistan,"Hazelaarweg, Rotterdam",Rotterdam,Netherlands,win,Ireland,,play,1,39 runs,International cricket in 2010,1339583237,2010 ICC World Cricket League Division One,differs,"match box: 2010-07-04, IRE v AFG, Ireland won by 39 runs"
450376,450376,3012,2010-07-05,Kenya,Afghanistan,"VRA Ground, Amstelveen",Amstelveen,Netherlands,win,Afghanistan,,play,1,1 wicket,International cricket in 2010,1339583237,2010 ICC World Cricket League Division One,confirmed,
450381,450381,3017,2010-07-07,Netherlands,Afghanistan,"Sportpark Westvliet, Voorburg",Voorburg,Netherlands,win,Afghanistan,,play,1,6 wickets,International cricket in 2010,1339583237,2010 ICC World Cricket League Division One,confirmed,
450382,450382,3019,2010-07-09,Afghanistan,Scotland,"Hazelaarweg, Rotterdam",Rotterdam,Netherlands,win,Scotland,,play,1,2 wickets,International cricket in 2010,1339583237,2010 ICC World Cricket League Division One,confirmed,
450386,450386,3024,2010-07-10,Afghanistan,Netherlands,"Hazelaarweg, Rotterdam",Rotterdam,Netherlands,win,Afghanistan,,play,1,5 wickets,International cricket in 2010,1339583237,2010 ICC World Cricket League Division One,confirmed,
450498,450498,3033,2010-08-16,Afghanistan,Scotland,"Cambusdoon New Ground, Ayr",Ayr,Scotland,win,Afghanistan,,play,1,9 wickets,International cricket in 2010,1339583237,Afghan cricket team in Scotland in 2010,confirmed,
450501,450501,3035,2010-08-18,Afghanistan,Scotland,"Cambusdoon New Ground, Ayr",Ayr,Scotland,win,Scotland,,play,1,6 wickets,International cricket in 2010,1339583237,Afghan cricket team in Scotland in 2010,differs,"match box: --08-17, AFG v SCO, Scotland won by 6 wickets"
470624,470624,3052,2010-10-07,Afghanistan,Kenya,"Gymkhana Club Ground, Nairobi",Nairobi,Kenya,win,Kenya,,play,1,92 runs,International cricket in 2010–11,1348461623,Afghan cricket team in Kenya in 2010–11,confirmed,
470625,470625,3053,2010-10-09,Afghanistan,Kenya,"Gymkhana Club Ground, Nairobi",Nairobi,Kenya,win,Afghanistan,,play,1,6 wickets,International cricket in 2010–11,1348461623,Afghan cricket team in Kenya in 2010–11,confirmed,
470626,470626,3055,2010-10-11,Afghanistan,Kenya,"Gymkhana Club Ground, Nairobi",Nairobi,Kenya,win,Kenya,,play,1,8 wickets,International cricket in 2010–11,1348461623,Afghan cricket team in Kenya in 2010–11,confirmed,
518202,518202,3173,2011-08-07,Afghanistan,Canada,"Maple Leaf North-West Ground, King City",King City,Canada,win,Afghanistan,,play,1,2 wickets,International cricket in 2011,1344311397,Afghanistan cricket team in Canada in 2011,confirmed,
518203,518203,3174,2011-08-09,Afghanistan,Canada,"Toronto Cricket, Skating and Curling Club, Toronto",Toronto,Canada,win,Afghanistan,,play,1,17 runs,International cricket in 2011,1344311397,Afghanistan cricket team in Canada in 2011,confirmed,
545656,545656,3236,2012-02-10,Afghanistan,Pakistan,"Sharjah Cricket Stadium, Sharjah",Sharjah,United Arab Emirates,win,Pakistan,,play,1,7 wickets,International cricket in 2011–12,1375666369,Afghan cricket team vs Pakistan in the UAE in 2011–12,confirmed,
543888,543888,3270,2012-03-29,Afghanistan,Netherlands,"Sharjah Cricket Stadium, Sharjah",Sharjah,United Arab Emirates,win,Netherlands,,play,1,9 wickets,International cricket in 2011–12,1375666369,,no_article,
543889,543889,3271,2012-03-31,Afghanistan,Netherlands,"Sharjah Cricket Stadium, Sharjah",Sharjah,United Arab Emirates,win,Afghanistan,,play,1,5 wickets,International cricket in 2011–12,1375666369,,no_article,
555891,555891,3281a,2012-07-03,Afghanistan,Ireland,"Clontarf Cricket Club Ground, Dublin",Dublin,Ireland,no_result,,,play,0,,International cricket in 2012,1344311034,Afghan cricket team in Ireland in 2012,confirmed,
555892,555892,3282,2012-07-05,Afghanistan,Ireland,"Clontarf Cricket Club Ground, Dublin",Dublin,Ireland,win,Ireland,,play,1,59 runs,International cricket in 2012,1344311034,Afghan cricket team in Ireland in 2012,confirmed,
571947,571947,3297,2012-08-25,Australia,Afghanistan,"Sharjah Cricket Stadium, Sharjah",Sharjah,United Arab Emirates,win,Australia,,play,1,66 runs,International cricket in 2012,1344311034,Australian cricket team against Afghanistan in the UAE in 2012,confirmed,
592270,592270,3341,2013-03-06,Afghanistan,Scotland,"Sharjah Cricket Stadium, Sharjah",Sharjah,United Arab Emirates,win,Afghanistan,,play,1,7 wickets,International cricket in 2012–13,1324043504,,no_article,
592271,592271,3342,2013-03-08,Afghanistan,Scotland,"Sharjah Cricket Stadium, Sharjah",Sharjah,United Arab Emirates,win,Afghanistan,,play,1,5 wickets,International cricket in 2012–13,1324043504,,no_article,
661891,661891,3417,2013-10-02,Afghanistan,Kenya,"Sharjah Cricket Stadium, Sharjah",Sharjah,United Arab Emirates,win,Afghanistan,,play,1,8 wickets,International cricket in 2013–14,1358560278,,no_article,
661893,661893,3418,2013-10-04,Afghanistan,Kenya,"Sharjah Cricket Stadium, Sharjah",Sharjah,United Arab Emirates,win,Afghanistan,,play,1,7 wickets,International cricket in 2013–14,1358560278,,no_article,
710295,710295,3475,2014-02-27,Afghanistan,Pakistan,"Khan Shaheb Osman Ali Stadium, Fatullah",Fatullah,Bangladesh,win,Pakistan,,play,1,72 runs,International cricket in 2013–14,1358560278,2014 Asia Cup,not_found,
710299,710299,3478,2014-03-01,Bangladesh,Afghanistan,"Khan Shaheb Osman Ali Stadium, Fatullah",Fatullah,Bangladesh,win,Afghanistan,,play,1,32 runs,International cricket in 2013–14,1358560278,2014 Asia Cup,not_found,
710303,710303,3481,2014-03-03,Afghanistan,Sri Lanka,"Sher-e-Bangla National Stadium, Mirpur",Mirpur,Bangladesh,win,Sri Lanka,,play,1,129 runs,International cricket in 2013–14,1358560278,2014 Asia Cup,not_found,
710307,710307,3483,2014-03-05,Afghanistan,India,"Sher-e-Bangla National Stadium, Mirpur",Mirpur,Bangladesh,win,India,,play,1,8 wickets,International cricket in 2013–14,1358560278,2014 Asia Cup,not_found,
736497,736497,3487,2014-05-01,Afghanistan,Hong Kong,"Bayuemas Oval, Kuala Lumpur",Kuala Lumpur,Malaysia,win,Afghanistan,,play,1,6 wickets,International cricket in 2014,1344025276,2014 ACC Premier League,confirmed,
736503,736503,3488,2014-05-02,Afghanistan,United Arab Emirates,"Kinrara Academy Oval, Kuala Lumpur",Kuala Lumpur,Malaysia,win,Afghanistan,,play,1,70 runs,International cricket in 2014,1344025276,2014 ACC Premier League,confirmed,
756035,756035,3503,2014-07-18,Afghanistan,Zimbabwe,"Queens Sports Club, Bulawayo",Bulawayo,Zimbabwe,win,Zimbabwe,,play,1,6 wickets,International cricket in 2014,1344025276,Afghanistan cricket team in Zimbabwe in 2014,confirmed,
756037,756037,3504,2014-07-20,Afghanistan,Zimbabwe,"Queens Sports Club, Bulawayo",Bulawayo,Zimbabwe,win,Zimbabwe,,play,1,8 wickets,International cricket in 2014,1344025276,Afghanistan cricket team in Zimbabwe in 2014,confirmed,
756039,756039,3505,2014-07-22,Afghanistan,Zimbabwe,"Queens Sports Club, Bulawayo",Bulawayo,Zimbabwe,win,Afghanistan,,play,1,2 wickets,International cricket in 2014,1344025276,Afghanistan cricket team in Zimbabwe in 2014,confirmed,
756041,756041,3506,2014-07-24,Afghanistan,Zimbabwe,"Queens Sports Club, Bulawayo",Bulawayo,Zimbabwe,win,Afghanistan,,play,1,100 runs,International cricket in 2014,1344025276,Afghanistan cricket team in Zimbabwe in 2014,confirmed,
803795,803795,3556,2014-11-28,Afghanistan,United Arab Emirates,"ICC Global Cricket Academy, Dubai",Dubai,United Arab Emirates,win,United Arab Emirates,,play,1,5 wickets,International cricket in 2014–15,1370761809,Afghan cricket team in the United Arab Emirates in 2014–15,confirmed,
803797,803797,3558,2014-11-30,Afghanistan,United Arab Emirates,"ICC Global Cricket Academy, Dubai",Dubai,United Arab Emirates,win,United Arab Emirates,,play,1,6 wickets,International cricket in 2014–15,1370761809,Afghan cricket team in the United Arab Emirates in 2014–15,confirmed,
803799,803799,3560,2014-12-02,Afghanistan,United Arab Emirates,"ICC Global Cricket Academy, Dubai",Dubai,United Arab Emirates,win,Afghanistan,,play,1,2 wickets,International cricket in 2014–15,1370761809,Afghan cricket team in the United Arab Emirates in 2014–15,confirmed,
803801,803801,3562,2014-12-04,Afghanistan,United Arab Emirates,"ICC Global Cricket Academy, Dubai",Dubai,United Arab Emirates,win,United Arab Emirates,,play,1,30 runs,International cricket in 2014–15,1370761809,Afghan cricket team in the United Arab Emirates in 2014–15,confirmed,
812623,812623,3572,2015-01-08,Afghanistan,Scotland,"ICC Global Cricket Academy, Dubai",Dubai,United Arab Emirates,win,Afghanistan,,play,1,8 wickets,International cricket in 2014–15,1370761809,Dubai Triangular Series 2014–15,confirmed,
810827,810827,3573,2015-01-10,Afghanistan,Ireland,"Dubai International Cricket Stadium, Dubai",Dubai,United Arab Emirates,win,Ireland,,play,1,3 wickets,International cricket in 2014–15,1370761809,Dubai Triangular Series 2014–15,confirmed,
812645,812645,3576,2015-01-14,Afghanistan,Scotland,"Sheikh Zayed Stadium, Abu Dhabi",Abu Dhabi,United Arab Emirates,win,Scotland,,play,1,150 runs,International cricket in 2014–15,1370761809,Dubai Triangular Series 2014–15,confirmed,
810833,810833,3581,2015-01-17,Afghanistan,Ireland,"Dubai International Cricket Stadium, Dubai",Dubai,United Arab Emirates,win,Afghanistan,,play,1,71 runs,International cricket in 2014–15,1370761809,Dubai Triangular Series 2014–15,confirmed,
656411,656411,3605,2015-02-18,Bangladesh,Afghanistan,"Manuka Oval, Canberra",Canberra,Australia,win,Bangladesh,,play,1,105 runs,International cricket in 2014–15,1370761809,2015 Cricket World Cup,confirmed,
656421,656421,3609,2015-02-22,Sri Lanka,Afghanistan,"University Oval, Dunedin",Dunedin,New Zealand,win,Sri Lanka,,play,1,4 wickets,International cricket in 2014–15,1370761809,2015 Cricket World Cup,confirmed,
656431,656431,3614,2015-02-26,Afghanistan,Scotland,"University Oval, Dunedin",Dunedin,New Zealand,win,Afghanistan,,play,1,1 wicket,International cricket in 2014–15,1370761809,2015 Cricket World Cup,confirmed,
656449,656449,3623,2015-03-04,Australia,Afghanistan,"WACA Ground, Perth",Perth,Australia,win,Australia,,play,1,275 runs,International cricket in 2014–15,1370761809,2015 Cricket World Cup,confirmed,
656459,656459,3628,2015-03-08,New Zealand,Afghanistan,"McLean Park, Napier",Napier,New Zealand,win,New Zealand,,play,1,6 wickets,International cricket in 2014–15,1370761809,2015 Cricket World Cup,confirmed,
656473,656473,3635,2015-03-13,England,Afghanistan,"Sydney Cricket Ground, Sydney",Sydney,Australia,win,England,D/L,play,1,9 wickets,International cricket in 2014–15,1370761809,2015 Cricket World Cup,confirmed,
924627,924627,3693,2015-10-16,Afghanistan,Zimbabwe,"Queens Sports Club, Bulawayo",Bulawayo,Zimbabwe,win,Zimbabwe,,play,1,8 wickets,International cricket in 2015–16,1367140890,Afghan cricket team in Zimbabwe in 2015–16,confirmed,
924629,924629,3694,2015-10-18,Afghanistan,Zimbabwe,"Queens Sports Club, Bulawayo",Bulawayo,Zimbabwe,win,Afghanistan,,play,1,58 runs,International cricket in 2015–16,1367140890,Afghan cricket team in Zimbabwe in 2015–16,confirmed,
924631,924631,3696,2015-10-20,Afghanistan,Zimbabwe,"Queens Sports Club, Bulawayo",Bulawayo,Zimbabwe,win,Zimbabwe,,play,1,6 wickets,International cricket in 2015–16,1367140890,Afghan cricket team in Zimbabwe in 2015–16,confirmed,
924633,924633,3697,2015-10-22,Afghanistan,Zimbabwe,"Queens Sports Club, Bulawayo",Bulawayo,Zimbabwe,win,Afghanistan,,play,1,3 wickets,International cricket in 2015–16,1367140890,Afghan cricket team in Zimbabwe in 2015–16,confirmed,
924635,924635,3699,2015-10-24,Afghanistan,Zimbabwe,"Queens Sports Club, Bulawayo",Bulawayo,Zimbabwe,win,Afghanistan,,play,1,73 runs,International cricket in 2015–16,1367140890,Afghan cricket team in Zimbabwe in 2015–16,confirmed,
953335,953335,3713,2015-12-25,Zimbabwe,Afghanistan,"Sharjah Cricket Stadium, Sharjah",Sharjah,United Arab Emirates,win,Afghanistan,,play,1,49 runs,International cricket in 2015–16,1367140890,Afghan cricket team against Zimbabwe in the UAE in 2015–16,confirmed,
953337,953337,3716,2015-12-29,Zimbabwe,Afghanistan,"Sharjah Cricket Stadium, Sharjah",Sharjah,United Arab Emirates,win,Afghanistan,,play,1,4 wickets,International cricket in 2015–16,1367140890,Afghan cricket team against Zimbabwe in the UAE in 2015–16,confirmed,
953339,953339,3719,2016-01-02,Zimbabwe,Afghanistan,"Sharjah Cricket Stadium, Sharjah",Sharjah,United Arab Emirates,win,Zimbabwe,,play,1,117 runs,International cricket in 2015–16,1367140890,Afghan cricket team against Zimbabwe in the UAE in 2015–16,confirmed,
953341,953341,3720,2016-01-04,Zimbabwe,Afghanistan,"Sharjah Cricket Stadium, Sharjah",Sharjah,United Arab Emirates,win,Zimbabwe,,play,1,65 runs,International cricket in 2015–16,1367140890,Afghan cricket team against Zimbabwe in the UAE in 2015–16,confirmed,
953343,953343,3722,2016-01-06,Zimbabwe,Afghanistan,"Sharjah Cricket Stadium, Sharjah",Sharjah,United Arab Emirates,win,Afghanistan,,play,1,2 wickets,International cricket in 2015–16,1367140890,Afghan cricket team against Zimbabwe in the UAE in 2015–16,confirmed,
1003271,1003271,3759,2016-07-04,Afghanistan,Scotland,"The Grange Club, Edinburgh",Edinburgh,Scotland,no_result,,,play,1,,International cricket in 2016,1295863914,Afghan cricket team in Scotland in 2016,confirmed,
1003273,1003273,3760,2016-07-06,Afghanistan,Scotland,"The Grange Club, Edinburgh",Edinburgh,Scotland,win,Afghanistan,D/L,play,1,78 runs,International cricket in 2016,1295863914,Afghan cricket team in Scotland in 2016,confirmed,
997959,997959,3760a,2016-07-10,Afghanistan,Ireland,"Stormont, Belfast",Belfast,Ireland,no_result,,,play,0,,International cricket in 2016,1295863914,Afghan cricket team in Ireland in 2016,confirmed,
997961,997961,3761,2016-07-12,Afghanistan,Ireland,"Stormont, Belfast",Belfast,Ireland,win,Afghanistan,,play,1,39 runs,International cricket in 2016,1295863914,Afghan cricket team in Ireland in 2016,confirmed,
997963,997963,3762,2016-07-14,Afghanistan,Ireland,"Stormont, Belfast",Belfast,Ireland,win,Ireland,,play,1,6 wickets,International cricket in 2016,1295863914,Afghan cricket team in Ireland in 2016,confirmed,
997965,997965,3763,2016-07-17,Afghanistan,Ireland,"Stormont, Belfast",Belfast,Ireland,win,Afghanistan,,play,1,79 runs,International cricket in 2016,1295863914,Afghan cricket team in Ireland in 2016,confirmed,
997967,997967,3764,2016-07-19,Afghanistan,Ireland,"Stormont, Belfast",Belfast,Ireland,win,Ireland,,play,1,12 runs,International cricket in 2016,1295863914,Afghan cricket team in Ireland in 2016,confirmed,
1051297,1051297,3781,2016-09-25,Afghanistan,Bangladesh,"Sher-e-Bangla National Cricket Stadium, Mirpur",Mirpur,Bangladesh,win,Bangladesh,,play,1,7 runs,International cricket in 2016–17,1290191079,Afghan cricket team in Bangladesh in 2016–17,confirmed,
1051299,1051299,3783,2016-09-28,Afghanistan,Bangladesh,"Sher-e-Bangla National Cricket Stadium, Mirpur",Mirpur,Bangladesh,win,Afghanistan,,play,1,2 wickets,International cricket in 2016–17,1290191079,Afghan cricket team in Bangladesh in 2016–17,confirmed,
1051301,1051301,3786,2016-10-01,Afghanistan,Bangladesh,"Sher-e-Bangla National Cricket Stadium, Mirpur",Mirpur,Bangladesh,win,Bangladesh,,play,1,141 runs,International cricket in 2016–17,1290191079,Afghan cricket team in Bangladesh in 2016–17,confirmed,
1079246,1079246,3835,2017-02-16,Afghanistan,Zimbabwe,"Harare Sports Club, Harare",Harare,Zimbabwe,win,Afghanistan,D/L,play,1,12 runs,International cricket in 2016–17,1290191079,Afghan cricket team in Zimbabwe in 2016–17,confirmed,
1079247,1079247,3837,2017-02-19,Afghanistan,Zimbabwe,"Harare Sports Club, Harare",Harare,Zimbabwe,win,Afghanistan,,play,1,54 runs,International cricket in 2016–17,1290191079,Afghan cricket team in Zimbabwe in 2016–17,confirmed,
1079248,1079248,3838,2017-02-21,Afghanistan,Zimbabwe,"Harare Sports Club, Harare",Harare,Zimbabwe,win,Zimbabwe,,play,1,3 runs,International cricket in 2016–17,1290191079,Afghan cricket team in Zimbabwe in 2016–17,confirmed,
1079249,1079249,3840,2017-02-24,Afghanistan,Zimbabwe,"Harare Sports Club, Harare",Harare,Zimbabwe,win,Zimbabwe,D/L,play,1,7 wickets,International cricket in 2016–17,1290191079,Afghan cricket team in Zimbabwe in 2016–17,confirmed,
1079250,1079250,3842,2017-02-26,Afghanistan,Zimbabwe,"Harare Sports Club, Harare",Harare,Zimbabwe,win,Afghanistan,D/L,play,1,106 runs,International cricket in 2016–17,1290191079,Afghan cricket team in Zimbabwe in 2016–17,confirmed,
1040491,1040491,3850,2017-03-15,Ireland,Afghanistan,"Greater Noida Sports Complex Ground, Greater Noida",Greater Noida,India,win,Afghanistan,,play,1,30 runs,International cricket in 2016–17,1290191079,Irish cricket team against Afghanistan in India in 2016–17,confirmed,
1040493,1040493,3851,2017-03-17,Ireland,Afghanistan,"Greater Noida Sports Complex Ground, Greater Noida",Greater Noida,India,win,Afghanistan,,play,1,34 runs,International cricket in 2016–17,1290191079,Irish cricket team against Afghanistan in India in 2016–17,confirmed,
1040495,1040495,3852,2017-03-19,Ireland,Afghanistan,"Greater Noida Sports Complex Ground, Greater Noida",Greater Noida,India,win,Ireland,,play,1,6 wickets,International cricket in 2016–17,1290191079,Irish cricket team against Afghanistan in India in 2016–17,confirmed,
1040497,1040497,3853,2017-03-22,Ireland,Afghanistan,"Greater Noida Sports Complex Ground, Greater Noida",Greater Noida,India,win,Ireland,,play,1,3 wickets,International cricket in 2016–17,1290191079,Irish cricket team against Afghanistan in India in 2016–17,confirmed,
1040499,1040499,3854,2017-03-24,Ireland,Afghanistan,"Greater Noida Sports Complex Ground, Greater Noida",Greater Noida,India,win,Afghanistan,,play,1,7 wickets,International cricket in 2016–17,1290191079,Irish cricket team against Afghanistan in India in 2016–17,confirmed,
1089779,1089779,3884,2017-06-09,Afghanistan,West Indies,"Daren Sammy Cricket Ground, Gros Islet",Gros Islet,West Indies,win,Afghanistan,,play,1,63 runs,International cricket in 2017,1366885647,Afghan cricket team in the West Indies in 2017,confirmed,
1089780,1089780,3887,2017-06-11,Afghanistan,West Indies,"Daren Sammy Cricket Ground, Gros Islet",Gros Islet,West Indies,win,West Indies,,play,1,4 wickets,International cricket in 2017,1366885647,Afghan cricket team in the West Indies in 2017,confirmed,
1089781,1089781,3890,2017-06-14,Afghanistan,West Indies,"Daren Sammy Cricket Ground, Gros Islet",Gros Islet,West Indies,no_result,,,play,1,,International cricket in 2017,1366885647,Afghan cricket team in the West Indies in 2017,confirmed,
1125472,1125472,3935,2017-12-05,Ireland,Afghanistan,"Sharjah Cricket Stadium, Sharjah",Sharjah,United Arab Emirates,win,Afghanistan,,play,1,138 runs,International cricket in 2017–18,1368016460,Irish cricket team against Afghanistan in the UAE in 2017–18,confirmed,
1125473,1125473,3937,2017-12-07,Ireland,Afghanistan,"Sharjah Cricket Stadium, Sharjah",Sharjah,United Arab Emirates,win,Ireland,,play,1,51 runs,International cricket in 2017–18,1368016460,Irish cricket team against Afghanistan in the UAE in 2017–18,confirmed,
1125474,1125474,3940,2017-12-10,Ireland,Afghanistan,"Sharjah Cricket Stadium, Sharjah",Sharjah,United Arab Emirates,win,Ireland,,play,1,5 wickets,International cricket in 2017–18,1368016460,Irish cricket team against Afghanistan in the UAE in 2017–18,confirmed,
1134033,1134033,3972,2018-02-09,Afghanistan,Zimbabwe,"Sharjah Cricket Stadium, Sharjah",Sharjah,United Arab Emirates,win,Afghanistan,,play,1,154 runs,International cricket in 2017–18,1368016460,Zimbabwean cricket team against Afghanistan in the UAE in 2017–18,confirmed,
1134034,1134034,3974,2018-02-11,Afghanistan,Zimbabwe,"Sharjah Cricket Stadium, Sharjah",Sharjah,United Arab Emirates,win,Zimbabwe,,play,1,154 runs,International cricket in 2017–18,1368016460,Zimbabwean cricket team against Afghanistan in the UAE in 2017–18,confirmed,
1134035,1134035,3975,2018-02-13,Afghanistan,Zimbabwe,"Sharjah Cricket Stadium, Sharjah",Sharjah,United Arab Emirates,win,Afghanistan,,play,1,6 wickets,International cricket in 2017–18,1368016460,Zimbabwean cricket team against Afghanistan in the UAE in 2017–18,confirmed,
1134036,1134036,3977,2018-02-16,Afghanistan,Zimbabwe,"Sharjah Cricket Stadium, Sharjah",Sharjah,United Arab Emirates,win,Afghanistan,,play,1,10 wickets,International cricket in 2017–18,1368016460,Zimbabwean cricket team against Afghanistan in the UAE in 2017–18,confirmed,
1134037,1134037,3979,2018-02-19,Afghanistan,Zimbabwe,"Sharjah Cricket Stadium, Sharjah",Sharjah,United Arab Emirates,win,Afghanistan,,play,1,146 runs,International cricket in 2017–18,1368016460,Zimbabwean cricket team against Afghanistan in the UAE in 2017–18,confirmed,
1133001,1133001,3983,2018-03-04,Afghanistan,Scotland,"Bulawayo Athletic Club, Bulawayo",Bulawayo,Zimbabwe,win,Scotland,,play,1,7 wickets,International cricket in 2017–18,1368016460,2018 Cricket World Cup Qualifier,confirmed,
1133004,1133004,3988,2018-03-06,Zimbabwe,Afghanistan,"Queens Sports Club, Bulawayo",Bulawayo,Zimbabwe,win,Zimbabwe,,play,1,2 runs,International cricket in 2017–18,1368016460,2018 Cricket World Cup Qualifier,confirmed,
1133009,1133009,3990,2018-03-08,Afghanistan,Hong Kong,"Bulawayo Athletic Club, Bulawayo",Bulawayo,Zimbabwe,win,Hong Kong,D/L,play,1,30 runs,International cricket in 2017–18,1368016460,2018 Cricket World Cup Qualifier,confirmed,
1133018,1133018,3997,2018-03-15,West Indies,Afghanistan,"Harare Sports Club, Harare",Harare,Zimbabwe,win,Afghanistan,,play,1,3 wickets,International cricket in 2017–18,1368016460,2018 Cricket World Cup Qualifier,confirmed,
1133027,1133027,4003,2018-03-20,United Arab Emirates,Afghanistan,"Old Hararians, Harare",Harare,Zimbabwe,win,Afghanistan,,play,1,5 wickets,International cricket in 2017–18,1368016460,2018 Cricket World Cup Qualifier,confirmed,
1133030,1133030,4006,2018-03-23,Ireland,Afghanistan,"Harare Sports Club, Harare",Harare,Zimbabwe,win,Afghanistan,,play,1,5 wickets,International cricket in 2017–18,1368016460,2018 Cricket World Cup Qualifier,confirmed,
1133031,1133031,4007,2018-03-25,West Indies,Afghanistan,"Harare Sports Club, Harare",Harare,Zimbabwe,win,Afghanistan,,play,1,7 wickets,International cricket in 2017–18,1368016460,2018 Cricket World Cup Qualifier,confirmed,
1150146,1150146,4032,2018-08-27,Afghanistan,Ireland,"Stormont Cricket Ground, Belfast",Belfast,Ireland,win,Afghanistan,,play,1,29 runs,International cricket in 2018,1362971865,Afghan cricket team in Ireland in 2018,confirmed,
1150147,1150147,4033,2018-08-29,Afghanistan,Ireland,"Stormont Cricket Ground, Belfast",Belfast,Ireland,win,Ireland,,play,1,3 wickets,International cricket in 2018,1362971865,Afghan cricket team in Ireland in 2018,confirmed,
1150148,1150148,4035,2018-08-31,Afghanistan,Ireland,"Stormont Cricket Ground, Belfast",Belfast,Ireland,win,Afghanistan,,play,1,8 wickets,International cricket in 2018,1362971865,Afghan cricket team in Ireland in 2018,confirmed,
1153245,1153245,4038,2018-09-17,Afghanistan,Sri Lanka,"Sheikh Zayed Cricket Stadium, Abu Dhabi",Abu Dhabi,United Arab Emirates,win,Afghanistan,,play,1,91 runs,International cricket in 2018–19,1368016481,2018 Asia Cup,confirmed,
1153248,1153248,4041,2018-09-20,Afghanistan,Bangladesh,"Sheikh Zayed Cricket Stadium, Abu Dhabi",Abu Dhabi,United Arab Emirates,win,Afghanistan,,play,1,136 runs,International cricket in 2018–19,1368016481,2018 Asia Cup,confirmed,
1153250,1153250,4043,2018-09-21,Afghanistan,Pakistan,"Sheikh Zayed Cricket Stadium, Abu Dhabi",Abu Dhabi,United Arab Emirates,win,Pakistan,,play,1,3 wickets,International cricket in 2018–19,1368016481,2018 Asia Cup,confirmed,
1153252,1153252,4045,2018-09-23,Afghanistan,Bangladesh,"Sheikh Zayed Cricket Stadium, Abu Dhabi",Abu Dhabi,United Arab Emirates,win,Bangladesh,,play,1,3 runs,International cricket in 2018–19,1368016481,2018 Asia Cup,confirmed,
1153253,1153253,4046,2018-09-25,Afghanistan,India,"Dubai International Cricket Stadium, Dubai",Dubai,United Arab Emirates,tie,,,play,1,,International cricket in 2018–19,1368016481,2018 Asia Cup,confirmed,
1168115,1168115,4100,2019-02-28,Ireland,Afghanistan,"Rajiv Gandhi International Cricket Stadium, Dehradun",Dehradun,India,win,Afghanistan,,play,1,5 wickets,International cricket in 2018–19,1368016481,Irish cricket team against Afghanistan in India in 2018–19,confirmed,
1168116,1168116,4101,2019-03-02,Ireland,Afghanistan,"Rajiv Gandhi International Cricket Stadium, Dehradun",Dehradun,India,no_result,,,play,1,,International cricket in 2018–19,1368016481,Irish cricket team against Afghanistan in India in 2018–19,confirmed,
1168117,1168117,4105,2019-03-05,Ireland,Afghanistan,"Rajiv Gandhi International Cricket Stadium, Dehradun",Dehradun,India,win,Ireland,,play,1,4 wickets,International cricket in 2018–19,1368016481,Irish cricket team against Afghanistan in India in 2018–19,confirmed,
1168118,1168118,4108,2019-03-08,Ireland,Afghanistan,"Rajiv Gandhi International Cricket Stadium, Dehradun",Dehradun,India,win,Afghanistan,,play,1,109 runs,International cricket in 2018–19,1368016481,Irish cricket team against Afghanistan in India in 2018–19,confirmed,
1168119,1168119,4110,2019-03-10,Ireland,Afghanistan,"Rajiv Gandhi International Cricket Stadium, Dehradun",Dehradun,India,win,Ireland,,play,1,5 wickets,International cricket in 2018–19,1368016481,Irish cricket team against Afghanistan in India in 2018–19,confirmed,
1169329,1169329,4129a,2019-05-08,Afghanistan,Scotland,"The Grange Club, Edinburgh",Edinburgh,Scotland,no_result,,,play,0,,International cricket in 2019,1375666377,Afghan cricket team in Scotland in 2019,confirmed,
1169330,1169330,4131,2019-05-10,Afghanistan,Scotland,"The Grange Club, Edinburgh",Edinburgh,Scotland,win,Afghanistan,D/L,play,1,2 runs,International cricket in 2019,1375666377,Afghan cricket team in Scotland in 2019,confirmed,
1168515,1168515,4139,2019-05-19,Afghanistan,Ireland,"Stormont Cricket Ground, Belfast",Belfast,Ireland,win,Ireland,,play,1,72 runs,International cricket in 2019,1375666377,Afghan cricket team in Ireland in 2019,confirmed,
1168516,1168516,4141,2019-05-21,Afghanistan,Ireland,"Stormont Cricket Ground, Belfast",Belfast,Ireland,win,Afghanistan,,play,1,126 runs,International cricket in 2019,1375666377,Afghan cricket team in Ireland in 2019,confirmed,
1144486,1144486,4146,2019-06-01,Australia,Afghanistan,"County Ground, Bristol",Bristol,England,win,Australia,,play,1,7 wickets,International cricket in 2019,1375666377,2019 Cricket World Cup,confirmed,
1144489,1144489,4149,2019-06-04,Afghanistan,Sri Lanka,"Sophia Gardens, Cardiff",Cardiff,England,win,Sri Lanka,D/L,play,1,34 runs,International cricket in 2019,1375666377,2019 Cricket World Cup,confirmed,
1144495,1144495,4154,2019-06-08,Afghanistan,New Zealand,"County Ground, Taunton",Taunton,England,win,New Zealand,,play,1,7 wickets,International cricket in 2019,1375666377,2019 Cricket World Cup,confirmed,
1144503,1144503,4160,2019-06-15,Afghanistan,South Africa,"Sophia Gardens, Cardiff",Cardiff,England,win,South Africa,D/L,play,1,9 wickets,International cricket in 2019,1375666377,2019 Cricket World Cup,confirmed,
1144506,1144506,4163,2019-06-18,England,Afghanistan,"Old Trafford, Manchester",Manchester,England,win,England,,play,1,150 runs,International cricket in 2019,1375666377,2019 Cricket World Cup,confirmed,
1144510,1144510,4169,2019-06-22,Afghanistan,India,"Rose Bowl, Southampton",Southampton,England,win,India,,play,1,11 runs,International cricket in 2019,1375666377,2019 Cricket World Cup,confirmed,
1144513,1144513,4172,2019-06-24,Afghanistan,Bangladesh,"Rose Bowl, Southampton",Southampton,England,win,Bangladesh,,play,1,62 runs,International cricket in 2019,1375666377,2019 Cricket World Cup,confirmed,
1144518,1144518,4177,2019-06-29,Afghanistan,Pakistan,"Headingley, Leeds",Leeds,England,win,Pakistan,,play,1,3 wickets,International cricket in 2019,1375666377,2019 Cricket World Cup,confirmed,
1144524,1144524,4184,2019-07-04,Afghanistan,West Indies,"Headingley, Leeds",Leeds,England,win,West Indies,,play,1,23 runs,International cricket in 2019,1375666377,2019 Cricket World Cup,confirmed,
1193497,1193497,4213,2019-11-06,West Indies,Afghanistan,"Ekana Cricket Stadium, Lucknow",Lucknow,India,win,West Indies,,play,1,7 wickets,International cricket in 2019–20,1375666383,West Indian cricket team against Afghanistan in India in 2019–20,confirmed,
1193498,1193498,4214,2019-11-09,West Indies,Afghanistan,"Ekana Cricket Stadium, Lucknow",Lucknow,India,win,West Indies,,play,1,47 runs,International cricket in 2019–20,1375666383,West Indian cricket team against Afghanistan in India in 2019–20,confirmed,
1193499,1193499,4215,2019-11-11,West Indies,Afghanistan,"Ekana Cricket Stadium, Lucknow",Lucknow,India,win,West Indies,,play,1,5 wickets,International cricket in 2019–20,1375666383,West Indian cricket team against Afghanistan in India in 2019–20,confirmed,
1244013,1244013,4271,2021-01-21,Ireland,Afghanistan,"Sheikh Zayed Cricket Stadium, Abu Dhabi",Abu Dhabi,United Arab Emirates,win,Afghanistan,,play,1,16 runs,International cricket in 2020–21,1370346711,Irish cricket team against Afghanistan in the UAE in 2020–21,confirmed,
1244014,1244014,4273,2021-01-24,Ireland,Afghanistan,"Sheikh Zayed Cricket Stadium, Abu Dhabi",Abu Dhabi,United Arab Emirates,win,Afghanistan,,play,1,7 wickets,International cricket in 2020–21,1370346711,Irish cricket team against Afghanistan in the UAE in 2020–21,confirmed,
1244015,1244015,4275,2021-01-26,Ireland,Afghanistan,"Sheikh Zayed Cricket Stadium, Abu Dhabi",Abu Dhabi,United Arab Emirates,win,Afghanistan,,play,1,36 runs,International cricket in 2020–21,1370346711,Irish cricket team against Afghanistan in the UAE in 2020–21,confirmed,
1295181,1295181,4345,2022-01-21,Netherlands,Afghanistan,"West End Park International Cricket Stadium, Doha",Doha,Qatar,win,Afghanistan,,play,1,36 runs,International cricket in 2021–22,1376792263,Dutch cricket team against Afghanistan in Qatar in 2021–22,confirmed,
1295182,1295182,4348,2022-01-23,Netherlands,Afghanistan,"West End Park International Cricket Stadium, Doha",Doha,Qatar,win,Afghanistan,,play,1,48 runs,International cricket in 2021–22,1376792263,Dutch cricket team against Afghanistan in Qatar in 2021–22,confirmed,
1295183,1295183,4350,2022-01-25,Netherlands,Afghanistan,"West End Park International Cricket Stadium, Doha",Doha,Qatar,win,Afghanistan,,play,1,75 runs,International cricket in 2021–22,1376792263,Dutch cricket team against Afghanistan in Qatar in 2021–22,confirmed,
1299829,1299829,4357,2022-02-23,Afghanistan,Bangladesh,"Zohur Ahmed Chowdhury Stadium, Chittagong",Chittagong,Bangladesh,win,Bangladesh,,play,1,4 wickets,International cricket in 2021–22,1376792263,Afghan cricket team in Bangladesh in 2021–22,confirmed,
1299830,1299830,4358,2022-02-25,Afghanistan,Bangladesh,"Zohur Ahmed Chowdhury Stadium, Chittagong",Chittagong,Bangladesh,win,Bangladesh,,play,1,88 runs,International cricket in 2021–22,1376792263,Afghan cricket team in Bangladesh in 2021–22,confirmed,
1299831,1299831,4359,2022-02-28,Afghanistan,Bangladesh,"Zohur Ahmed Chowdhury Stadium, Chittagong",Chittagong,Bangladesh,win,Afghanistan,,play,1,7 wickets,International cricket in 2021–22,1376792263,Afghan cricket team in Bangladesh in 2021–22,confirmed,
1310943,1310943,4397,2022-06-04,Afghanistan,Zimbabwe,"Harare Sports Club, Harare",Harare,Zimbabwe,win,Afghanistan,,play,1,60 runs,International cricket in 2022,1370346683,Afghan cricket team in Zimbabwe in 2022,confirmed,
1310944,1310944,4400,2022-06-06,Afghanistan,Zimbabwe,"Harare Sports Club, Harare",Harare,Zimbabwe,win,Afghanistan,,play,1,8 wickets,International cricket in 2022,1370346683,Afghan cricket team in Zimbabwe in 2022,confirmed,
1310945,1310945,4403,2022-06-09,Afghanistan,Zimbabwe,"Harare Sports Club, Harare",Harare,Zimbabwe,win,Afghanistan,,play,1,4 wickets,International cricket in 2022,1370346683,Afghan cricket team in Zimbabwe in 2022,confirmed,
1340532,1340532,4485,2022-11-25,Afghanistan,Sri Lanka,"Pallekele International Cricket Stadium, Pallekele",Pallekele,Sri Lanka,win,Afghanistan,,play,1,60 runs,International cricket in 2022–23,1361893980,Afghan cricket team in Sri Lanka in 2022–23,confirmed,
1340533,1340533,4488,2022-11-27,Afghanistan,Sri Lanka,"Pallekele International Cricket Stadium, Pallekele",Pallekele,Sri Lanka,no_result,,,play,1,,International cricket in 2022–23,1361893980,Afghan cricket team in Sri Lanka in 2022–23,confirmed,
1340534,1340534,4490,2022-11-30,Afghanistan,Sri Lanka,"Pallekele International Cricket Stadium, Pallekele",Pallekele,Sri Lanka,win,Sri Lanka,,play,1,4 wickets,International cricket in 2022–23,1361893980,Afghan cricket team in Sri Lanka in 2022–23,confirmed,
1377008,1377008,4579,2023-06-02,Afghanistan,Sri Lanka,"Mahinda Rajapaksa International Cricket Stadium, Hambantota",Hambantota,Sri Lanka,win,Afghanistan,,play,1,6 wickets,International cricket in 2023,1372708267,Afghan cricket team in Sri Lanka in 2023,confirmed,
1377009,1377009,4580,2023-06-04,Afghanistan,Sri Lanka,"Mahinda Rajapaksa International Cricket Stadium, Hambantota",Hambantota,Sri Lanka,win,Sri Lanka,,play,1,132 runs,International cricket in 2023,1372708267,Afghan cricket team in Sri Lanka in 2023,confirmed,
1377010,1377010,4583,2023-06-07,Afghanistan,Sri Lanka,"Mahinda Rajapaksa International Cricket Stadium, Hambantota",Hambantota,Sri Lanka,win,Sri Lanka,,play,1,9 wickets,International cricket in 2023,1372708267,Afghan cricket team in Sri Lanka in 2023,confirmed,
1377012,1377012,4615,2023-07-05,Afghanistan,Bangladesh,"Zohur Ahmed Chowdhury Stadium, Chittagong",Chittagong,Bangladesh,win,Afghanistan,D/L,play,1,17 runs,International cricket in 2023,1372708267,Afghan cricket team in Bangladesh in 2023,confirmed,
1377013,1377013,4619,2023-07-08,Afghanistan,Bangladesh,"Zohur Ahmed Chowdhury Stadium, Chittagong",Chittagong,Bangladesh,win,Afghanistan,,play,1,142 runs,International cricket in 2023,1372708267,Afghan cricket team in Bangladesh in 2023,confirmed,
1377014,1377014,4621,2023-07-11,Afghanistan,Bangladesh,"Zohur Ahmed Chowdhury Stadium, Chittagong",Chittagong,Bangladesh,win,Bangladesh,,play,1,7 wickets,International cricket in 2023,1372708267,Afghan cricket team in Bangladesh in 2023,confirmed,
1390344,1390344,4625,2023-08-22,Afghanistan,Pakistan,"Mahinda Rajapaksa International Cricket Stadium, Hambantota",Hambantota,Sri Lanka,win,Pakistan,,play,1,142 runs,International cricket in 2023,1372708267,Pakistani cricket team against Afghanistan in Sri Lanka in 2023,confirmed,
1390345,1390345,4626,2023-08-24,Afghanistan,Pakistan,"Mahinda Rajapaksa International Cricket Stadium, Hambantota",Hambantota,Sri Lanka,win,Pakistan,,play,1,1 wicket,International cricket in 2023,1372708267,Pakistani cricket team against Afghanistan in Sri Lanka in 2023,confirmed,
1390346,1390346,4627,2023-08-26,Afghanistan,Pakistan,"R. Premadasa Stadium, Colombo",Colombo,Sri Lanka,win,Pakistan,,play,1,59 runs,International cricket in 2023,1372708267,Pakistani cricket team against Afghanistan in Sri Lanka in 2023,confirmed,
1388397,1388397,4631,2023-09-03,Afghanistan,Bangladesh,"Gaddafi Stadium, Lahore",Lahore,Pakistan,win,Bangladesh,,play,1,89 runs,International cricket in 2023,1372708267,2023 Asia Cup,confirmed,
1388400,1388400,4633,2023-09-05,Afghanistan,Sri Lanka,"Gaddafi Stadium, Lahore",Lahore,Pakistan,win,Sri Lanka,,play,1,2 runs,International cricket in 2023,1372708267,2023 Asia Cup,confirmed,
1384394,1384394,4660,2023-10-07,Afghanistan,Bangladesh,"Himachal Pradesh Cricket Association Stadium, Dharamshala",Dharamshala,India,win,Bangladesh,,play,1,6 wickets,International cricket in 2023–24,1368664171,2023 Cricket World Cup,confirmed,
1384400,1384400,4666,2023-10-11,Afghanistan,India,"Arun Jaitley Cricket Stadium, Delhi",Delhi,India,win,India,,play,1,8 wickets,International cricket in 2023–24,1368664171,2023 Cricket World Cup,confirmed,
1384404,1384404,4670,2023-10-15,Afghanistan,England,"Arun Jaitley Cricket Stadium, Delhi",Delhi,India,win,Afghanistan,,play,1,69 runs,International cricket in 2023–24,1368664171,2023 Cricket World Cup,confirmed,
1384407,1384407,4673,2023-10-18,Afghanistan,New Zealand,"M. A. Chidambaram Stadium, Chennai",Chennai,India,win,New Zealand,,play,1,149 runs,International cricket in 2023–24,1368664171,2023 Cricket World Cup,confirmed,
1384413,1384413,4679,2023-10-23,Afghanistan,Pakistan,"M. A. Chidambaram Stadium, Chennai",Chennai,India,win,Afghanistan,,play,1,8 wickets,International cricket in 2023–24,1368664171,2023 Cricket World Cup,confirmed,
1384421,1384421,4687,2023-10-30,Afghanistan,Sri Lanka,"Maharashtra Cricket Association Stadium, Pune",Pune,India,win,Afghanistan,,play,1,7 wickets,International cricket in 2023–24,1368664171,2023 Cricket World Cup,confirmed,
1384425,1384425,4691,2023-11-03,Afghanistan,Netherlands,"Ekana Cricket Stadium, Lucknow",Lucknow,India,win,Afghanistan,,play,1,7 wickets,International cricket in 2023–24,1368664171,2023 Cricket World Cup,confirmed,
1384430,1384430,4696,2023-11-07,Afghanistan,Australia,"Wankhede Stadium, Mumbai",Mumbai,India,win,Australia,,play,1,3 wickets,International cricket in 2023–24,1368664171,2023 Cricket World Cup,confirmed,
1384433,1384433,4699,2023-11-10,Afghanistan,South Africa,"Narendra Modi Stadium, Ahmedabad",Ahmedabad,India,win,South Africa,,play,1,5 wickets,International cricket in 2023–24,1368664171,2023 Cricket World Cup,confirmed,
1416074,1416074,4725,2024-02-09,Afghanistan,Sri Lanka,"Pallekele International Cricket Stadium, Kandy",Kandy,Sri Lanka,win,Sri Lanka,,play,1,42 runs,International cricket in 2023–24,1368664171,,no_article,
1416075,1416075,4727,2024-02-11,Afghanistan,Sri Lanka,"Pallekele International Cricket Stadium, Kandy",Kandy,Sri Lanka,win,Sri Lanka,,play,1,155 runs,International cricket in 2023–24,1368664171,,no_article,
1416076,1416076,4729,2024-02-14,Afghanistan,Sri Lanka,"Pallekele International Cricket Stadium, Kandy",Kandy,Sri Lanka,win,Sri Lanka,,play,1,7 wickets,International cricket in 2023–24,1368664171,,no_article,
1416081,1416081,4741,2024-03-07,Ireland,Afghanistan,"Sharjah Cricket Stadium, Sharjah",Sharjah,United Arab Emirates,win,Afghanistan,,play,1,35 runs,International cricket in 2023–24,1368664171,Irish cricket team against Afghanistan in the UAE in 2023–24,confirmed,
1416082,1416082,4741a,2024-03-09,Ireland,Afghanistan,"Sharjah Cricket Stadium, Sharjah",Sharjah,United Arab Emirates,no_result,,,play,0,,International cricket in 2023–24,1368664171,Irish cricket team against Afghanistan in the UAE in 2023–24,confirmed,
1416083,1416083,4742,2024-03-12,Ireland,Afghanistan,"Sharjah Cricket Stadium, Sharjah",Sharjah,United Arab Emirates,win,Afghanistan,,play,1,117 runs,International cricket in 2023–24,1368664171,Irish cricket team against Afghanistan in the UAE in 2023–24,confirmed,
1445818,1445818,4764,2024-09-18,South Africa,Afghanistan,"Sharjah Cricket Stadium, Sharjah",Sharjah,United Arab Emirates,win,Afghanistan,,play,1,6 wickets,International cricket in 2024–25,1370612828,South African cricket team against Afghanistan in the UAE in 2024–25,confirmed,
1445819,1445819,4768,2024-09-20,South Africa,Afghanistan,"Sharjah Cricket Stadium, Sharjah",Sharjah,United Arab Emirates,win,Afghanistan,,play,1,177 runs,International cricket in 2024–25,1370612828,South African cricket team against Afghanistan in the UAE in 2024–25,confirmed,
1445820,1445820,4772,2024-09-22,South Africa,Afghanistan,"Sharjah Cricket Stadium, Sharjah",Sharjah,United Arab Emirates,win,South Africa,,play,1,7 wickets,International cricket in 2024–25,1370612828,South African cricket team against Afghanistan in the UAE in 2024–25,confirmed,
1453070,1453070,4798,2024-11-06,Bangladesh,Afghanistan,"Sharjah Cricket Stadium, Sharjah",Sharjah,United Arab Emirates,win,Afghanistan,,play,1,92 runs,International cricket in 2024–25,1370612828,Bangladeshi cricket team against Afghanistan in the UAE in 2024–25,confirmed,
1453071,1453071,4803,2024-11-09,Bangladesh,Afghanistan,"Sharjah Cricket Stadium, Sharjah",Sharjah,United Arab Emirates,win,Bangladesh,,play,1,68 runs,International cricket in 2024–25,1370612828,Bangladeshi cricket team against Afghanistan in the UAE in 2024–25,confirmed,
1453072,1453072,4806,2024-11-11,Bangladesh,Afghanistan,"Sharjah Cricket Stadium, Sharjah",Sharjah,United Arab Emirates,win,Afghanistan,,play,1,5 wickets,International cricket in 2024–25,1370612828,Bangladeshi cricket team against Afghanistan in the UAE in 2024–25,confirmed,
1457923,1457923,4816,2024-12-17,Afghanistan,Zimbabwe,"Harare Sports Club, Harare",Harare,Zimbabwe,no_result,,,play,1,,International cricket in 2024–25,1370612828,Afghan cricket team in Zimbabwe in 2024–25,confirmed,
1457924,1457924,4818,2024-12-19,Afghanistan,Zimbabwe,"Harare Sports Club, Harare",Harare,Zimbabwe,win,Afghanistan,,play,1,232 runs,International cricket in 2024–25,1370612828,Afghan cricket team in Zimbabwe in 2024–25,confirmed,
1457925,1457925,4820,2024-12-21,Afghanistan,Zimbabwe,"Harare Sports Club, Harare",Harare,Zimbabwe,win,Afghanistan,,play,1,8 wickets,International cricket in 2024–25,1370612828,Afghan cricket team in Zimbabwe in 2024–25,confirmed,
1466416,1466416,4845,2025-02-21,Afghanistan,South Africa,"National Stadium, Karachi",Karachi,Pakistan,win,South Africa,,play,1,107 runs,International cricket in 2024–25,1370612828,2025 ICC Champions Trophy,confirmed,
1466421,1466421,4849,2025-02-26,Afghanistan,England,"Gaddafi Stadium, Lahore",Lahore,Pakistan,win,Afghanistan,,play,1,8 runs,International cricket in 2024–25,1370612828,2025 ICC Champions Trophy,confirmed,
1466423,1466423,4850,2025-02-28,Afghanistan,Australia,"Gaddafi Stadium, Lahore",Lahore,Pakistan,no_result,,,play,1,,International cricket in 2024–25,1370612828,2025 ICC Champions Trophy,confirmed,
1500393,1500393,4907,2025-10-08,Bangladesh,Afghanistan,"Sheikh Zayed Cricket Stadium, Abu Dhabi",Abu Dhabi,United Arab Emirates,win,Afghanistan,,play,1,5 wickets,International cricket in 2025–26,1374826086,Bangladeshi cricket team against Afghanistan in the UAE in 2025–26,confirmed,
1500394,1500394,4908,2025-10-11,Bangladesh,Afghanistan,"Sheikh Zayed Cricket Stadium, Abu Dhabi",Abu Dhabi,United Arab Emirates,win,Afghanistan,,play,1,81 runs,International cricket in 2025–26,1374826086,Bangladeshi cricket team against Afghanistan in the UAE in 2025–26,confirmed,
1500395,1500395,4909,2025-10-14,Bangladesh,Afghanistan,"Sheikh Zayed Cricket Stadium, Abu Dhabi",Abu Dhabi,United Arab Emirates,win,Afghanistan,,play,1,200 runs,International cricket in 2025–26,1374826086,Bangladeshi cricket team against Afghanistan in the UAE in 2025–26,confirmed,
1527151,1527151,4977,2026-06-13,Afghanistan,India,"Himachal Pradesh Cricket Association Stadium, Dharamshala",Dharamshala,India,win,India,,play,1,7 wickets,International cricket in 2026,1378383413,Afghan cricket team in India in 2026,confirmed,
1527152,1527152,4980,2026-06-17,Afghanistan,India,"Ekana Cricket Stadium, Lucknow",Lucknow,India,win,India,,play,1,170 runs,International cricket in 2026,1378383413,Afghan cricket team in India in 2026,confirmed,
1527153,1527153,4981,2026-06-20,Afghanistan,India,"M. A. Chidambaram Stadium, Chennai",Chennai,India,win,India,,play,1,9 wickets,International cricket in 2026,1378383413,Afghan cricket team in India in 2026,confirmed,
1528550,1528550,4998b,2026-08-05,Afghanistan,Ireland,"Bready Cricket Club Ground, Magheramason",Magheramason,Ireland,no_result,,,play,0,,International cricket in 2026,1378383413,Afghan cricket team in Ireland in 2026,confirmed,
1528551,1528551,4999,2026-08-07,Afghanistan,Ireland,"Bready Cricket Club Ground, Magheramason",Magheramason,Ireland,win,Afghanistan,,play,1,92 runs,International cricket in 2026,1378383413,Afghan cricket team in Ireland in 2026,confirmed,
1528552,1528552,5002,2026-08-10,Afghanistan,Ireland,"Stormont Cricket Ground, Belfast",Belfast,Ireland,win,Afghanistan,,play,1,3 wickets,International cricket in 2026,1378383413,Afghan cricket team in Ireland in 2026,confirmed,
1528553,1528553,5004,2026-08-12,Afghanistan,Ireland,"Stormont Cricket Ground, Belfast",Belfast,Ireland,win,Afghanistan,,play,1,42 runs,International cricket in 2026,1378383413,Afghan cricket team in Ireland in 2026,confirmed,
1528554,1528554,5006,2026-08-15,Afghanistan,Ireland,"Stormont Cricket Ground, Belfast",Belfast,Ireland,win,Afghanistan,,play,1,6 wickets,International cricket in 2026,1378383413,Afghan cricket team in Ireland in 2026,confirmed,
