opponent,matches,won,lost,tied,no_result,source_page,source_revid,as_of
Australia,5,0,4,0,1,Afghanistan national cricket team,1379070546,"AFG v IRE at Stormont Cricket Ground, Belfast; 15 August 2026"
Bangladesh,22,11,11,0,0,Afghanistan national cricket team,1379070546,"AFG v IRE at Stormont Cricket Ground, Belfast; 15 August 2026"
England,4,2,2,0,0,Afghanistan national cricket team,1379070546,"AFG v IRE at Stormont Cricket Ground, Belfast; 15 August 2026"
India,7,0,6,1,0,Afghanistan national cricket team,1379070546,"AFG v IRE at Stormont Cricket Ground, Belfast; 15 August 2026"
Ireland,36,22,13,0,1,Afghanistan national cricket team,1379070546,"AFG v IRE at Stormont Cricket Ground, Belfast; 15 August 2026"
New Zealand,3,0,3,0,0,Afghanistan national cricket team,1379070546,"AFG v IRE at Stormont Cricket Ground, Belfast; 15 August 2026"
Pakistan,8,1,7,0,0,Afghanistan national cricket team,1379070546,"AFG v IRE at Stormont Cricket Ground, Belfast; 15 August 2026"
South Africa,6,2,4,0,0,Afghanistan national cricket team,1379070546,"AFG v IRE at Stormont Cricket Ground, Belfast; 15 August 2026"
Sri Lanka,15,4,10,0,1,Afghanistan national cricket team,1379070546,"AFG v IRE at Stormont Cricket Ground, Belfast; 15 August 2026"
West Indies,9,3,5,0,1,Afghanistan national cricket team,1379070546,"AFG v IRE at Stormont Cricket Ground, Belfast; 15 August 2026"
Zimbabwe,31,20,10,0,1,Afghanistan national cricket team,1379070546,"AFG v IRE at Stormont Cricket Ground, Belfast; 15 August 2026"
Canada,5,4,1,0,0,Afghanistan national cricket team,1379070546,"AFG v IRE at Stormont Cricket Ground, Belfast; 15 August 2026"
Hong Kong,2,1,1,0,0,Afghanistan national cricket team,1379070546,"AFG v IRE at Stormont Cricket Ground, Belfast; 15 August 2026"
Kenya,6,4,2,0,0,Afghanistan national cricket team,1379070546,"AFG v IRE at Stormont Cricket Ground, Belfast; 15 August 2026"
Netherlands,10,8,2,0,0,Afghanistan national cricket team,1379070546,"AFG v IRE at Stormont Cricket Ground, Belfast; 15 August 2026"
Scotland,13,8,4,0,1,Afghanistan national cricket team,1379070546,"AFG v IRE at Stormont Cricket Ground, Belfast; 15 August 2026"
United Arab Emirates,6,3,3,0,0,Afghanistan national cricket team,1379070546,"AFG v IRE at Stormont Cricket Ground, Belfast; 15 August 2026"
TOTAL,188,93,88,1,6,Afghanistan national cricket team,1379070546,"AFG v IRE at Stormont Cricket Ground, Belfast; 15 August 2026"
