match_key,field,value,wikipedia_value,note,reviewed_on
450373,start_date,2010-07-04,2010-07-03,Accepted by owner 2026-10-08: date taken from the series article's match box (season page says 3 July); result agrees in both,2026-10-08
450501,start_date,2010-08-17,2010-08-18,Accepted by owner 2026-10-08: date taken from the series article's match box (season page says 18 August); result agrees in both,2026-10-08
543888,,,,Accepted by owner 2026-10-08: no second Wikipedia article to compare; consistent with the published per-opponent record (afg_totals.csv),2026-10-08
543889,,,,Accepted by owner 2026-10-08: no second Wikipedia article to compare; consistent with the published per-opponent record (afg_totals.csv),2026-10-08
592270,,,,Accepted by owner 2026-10-08: no second Wikipedia article to compare; consistent with the published per-opponent record (afg_totals.csv),2026-10-08
592271,,,,Accepted by owner 2026-10-08: no second Wikipedia article to compare; consistent with the published per-opponent record (afg_totals.csv),2026-10-08
661891,,,,Accepted by owner 2026-10-08: no second Wikipedia article to compare; consistent with the published per-opponent record (afg_totals.csv),2026-10-08
661893,,,,Accepted by owner 2026-10-08: no second Wikipedia article to compare; consistent with the published per-opponent record (afg_totals.csv),2026-10-08
1416074,,,,Accepted by owner 2026-10-08: no second Wikipedia article to compare; consistent with the published per-opponent record (afg_totals.csv),2026-10-08
1416075,,,,Accepted by owner 2026-10-08: no second Wikipedia article to compare; consistent with the published per-opponent record (afg_totals.csv),2026-10-08
1416076,,,,Accepted by owner 2026-10-08: no second Wikipedia article to compare; consistent with the published per-opponent record (afg_totals.csv),2026-10-08
710295,,,,Accepted by owner 2026-10-08: the 2014 Asia Cup article has no match boxes; consistent with the published per-opponent record (afg_totals.csv),2026-10-08
710299,,,,Accepted by owner 2026-10-08: the 2014 Asia Cup article has no match boxes; consistent with the published per-opponent record (afg_totals.csv),2026-10-08
710303,,,,Accepted by owner 2026-10-08: the 2014 Asia Cup article has no match boxes; consistent with the published per-opponent record (afg_totals.csv),2026-10-08
710307,,,,Accepted by owner 2026-10-08: the 2014 Asia Cup article has no match boxes; consistent with the published per-opponent record (afg_totals.csv),2026-10-08
