city,country,note
UAE,United Arab Emirates,season page gives only the country (2010 Canada v Afghanistan in the UAE)
Greater Noida,India,Afghanistan's 2017 home series v Ireland
Dehradun,India,Afghanistan's 2019 home series v Ireland
Dharamshala,India,
Pallekele,Sri Lanka,venue_map.csv lists Pallekele under Kandy as well
Magheramason,Ireland,Bready Cricket Club; Northern Ireland plays as Ireland (venue_map convention)
KuGompo City,South Africa,formerly East London (Buffalo Park); 2027 World Cup venue
Gqeberha,South Africa,formerly Port Elizabeth (St George's Park); 2027 World Cup venue
Victoria Falls,Zimbabwe,new ground for the 2027 World Cup
