token,team_name,note
AFG,Afghanistan,no team row in the serving DB (Cricsheet withholds); rated from the supplement
Afghanistan,Afghanistan,
AUS,Australia,
Australia,Australia,
BAN,Bangladesh,
Bangladesh,Bangladesh,
BER,Bermuda,
Bermuda,Bermuda,
CAN,Canada,
Canada,Canada,
ENG,England,
England,England,
HK,Hong Kong,
HKG,Hong Kong,
Hong Kong,Hong Kong,
IND,India,
India,India,
IRE,Ireland,
Ireland,Ireland,
JER,Jersey,
KEN,Kenya,
Kenya,Kenya,
NAM,Namibia,
Namibia,Namibia,
NED,Netherlands,
Netherlands,Netherlands,
The Netherlands,Netherlands,
NEP,Nepal,
Nepal,Nepal,
NZ,New Zealand,
NZL,New Zealand,
New Zealand,New Zealand,
OMA,Oman,
OMN,Oman,
Oman,Oman,
PAK,Pakistan,
Pakistan,Pakistan,
PNG,Papua New Guinea,
Papua New Guinea,Papua New Guinea,
RSA,South Africa,
SA,South Africa,
ZAF,South Africa,
South Africa,South Africa,
SCO,Scotland,
Scotland,Scotland,
SL,Sri Lanka,
SRI,Sri Lanka,
Sri Lanka,Sri Lanka,
UAE,United Arab Emirates,
United Arab Emirates,United Arab Emirates,
USA,United States of America,
United States,United States of America,
WIN,West Indies,
WI,West Indies,
West Indies,West Indies,
ZIM,Zimbabwe,
Zimbabwe,Zimbabwe,
