match_no,stage,group,date,slot1,slot2,venue,city,venue_country,match_key,team1,team2,result,winner,has_play
1,league,L,2023-10-05,England,New Zealand,"Narendra Modi Stadium, Ahmedabad",Ahmedabad,India,1384392,England,New Zealand,win,New Zealand,1
2,league,L,2023-10-06,Netherlands,Pakistan,"Rajiv Gandhi International Cricket Stadium, Hyderabad",Hyderabad,India,1384393,Netherlands,Pakistan,win,Pakistan,1
3,league,L,2023-10-07,Afghanistan,Bangladesh,"Himachal Pradesh Cricket Association Stadium, Dharamshala",Dharamshala,India,1384394,Afghanistan,Bangladesh,win,Bangladesh,1
4,league,L,2023-10-07,South Africa,Sri Lanka,"Arun Jaitley Cricket Stadium, Delhi",Delhi,India,1384395,South Africa,Sri Lanka,win,South Africa,1
5,league,L,2023-10-08,Australia,India,"M. A. Chidambaram Stadium, Chennai",Chennai,India,1384396,Australia,India,win,India,1
6,league,L,2023-10-09,Netherlands,New Zealand,"Rajiv Gandhi International Cricket Stadium, Hyderabad",Hyderabad,India,1384397,Netherlands,New Zealand,win,New Zealand,1
7,league,L,2023-10-10,Bangladesh,England,"Himachal Pradesh Cricket Association Stadium, Dharamshala",Dharamshala,India,1384398,Bangladesh,England,win,England,1
8,league,L,2023-10-10,Pakistan,Sri Lanka,"Rajiv Gandhi International Cricket Stadium, Hyderabad",Hyderabad,India,1384399,Pakistan,Sri Lanka,win,Pakistan,1
9,league,L,2023-10-11,Afghanistan,India,"Arun Jaitley Cricket Stadium, Delhi",Delhi,India,1384400,Afghanistan,India,win,India,1
10,league,L,2023-10-12,Australia,South Africa,"Ekana Cricket Stadium, Lucknow",Lucknow,India,1384401,Australia,South Africa,win,South Africa,1
11,league,L,2023-10-13,Bangladesh,New Zealand,"M. A. Chidambaram Stadium, Chennai",Chennai,India,1384402,Bangladesh,New Zealand,win,New Zealand,1
12,league,L,2023-10-14,India,Pakistan,"Narendra Modi Stadium, Ahmedabad",Ahmedabad,India,1384403,India,Pakistan,win,India,1
13,league,L,2023-10-15,Afghanistan,England,"Arun Jaitley Cricket Stadium, Delhi",Delhi,India,1384404,Afghanistan,England,win,Afghanistan,1
14,league,L,2023-10-16,Australia,Sri Lanka,"Ekana Cricket Stadium, Lucknow",Lucknow,India,1384405,Australia,Sri Lanka,win,Australia,1
15,league,L,2023-10-17,Netherlands,South Africa,"Himachal Pradesh Cricket Association Stadium, Dharamshala",Dharamshala,India,1384406,Netherlands,South Africa,win,Netherlands,1
16,league,L,2023-10-18,Afghanistan,New Zealand,"M. A. Chidambaram Stadium, Chennai",Chennai,India,1384407,Afghanistan,New Zealand,win,New Zealand,1
17,league,L,2023-10-19,India,Bangladesh,"Maharashtra Cricket Association Stadium, Pune",Pune,India,1384408,India,Bangladesh,win,India,1
18,league,L,2023-10-20,Australia,Pakistan,"M. Chinnaswamy Stadium, Bengaluru",Bengaluru,India,1384409,Australia,Pakistan,win,Australia,1
19,league,L,2023-10-21,Netherlands,Sri Lanka,"Ekana Cricket Stadium, Lucknow",Lucknow,India,1384410,Netherlands,Sri Lanka,win,Sri Lanka,1
20,league,L,2023-10-21,England,South Africa,"Wankhede Stadium, Mumbai",Mumbai,India,1384411,England,South Africa,win,South Africa,1
21,league,L,2023-10-22,India,New Zealand,"Himachal Pradesh Cricket Association Stadium, Dharamshala",Dharamshala,India,1384412,India,New Zealand,win,India,1
22,league,L,2023-10-23,Afghanistan,Pakistan,"M. A. Chidambaram Stadium, Chennai",Chennai,India,1384413,Afghanistan,Pakistan,win,Afghanistan,1
23,league,L,2023-10-24,Bangladesh,South Africa,"Wankhede Stadium, Mumbai",Mumbai,India,1384414,Bangladesh,South Africa,win,South Africa,1
24,league,L,2023-10-25,Australia,Netherlands,"Arun Jaitley Cricket Stadium, Delhi",Delhi,India,1384415,Australia,Netherlands,win,Australia,1
25,league,L,2023-10-26,England,Sri Lanka,"M. Chinnaswamy Stadium, Bengaluru",Bengaluru,India,1384416,England,Sri Lanka,win,Sri Lanka,1
26,league,L,2023-10-27,Pakistan,South Africa,"M. A. Chidambaram Stadium, Chennai",Chennai,India,1384417,Pakistan,South Africa,win,South Africa,1
27,league,L,2023-10-28,Australia,New Zealand,"Himachal Pradesh Cricket Association Stadium, Dharamshala",Dharamshala,India,1384418,Australia,New Zealand,win,Australia,1
28,league,L,2023-10-28,Bangladesh,Netherlands,"Eden Gardens, Kolkata",Kolkata,India,1384419,Bangladesh,Netherlands,win,Netherlands,1
29,league,L,2023-10-29,India,England,"Ekana Cricket Stadium, Lucknow",Lucknow,India,1384420,India,England,win,India,1
30,league,L,2023-10-30,Afghanistan,Sri Lanka,"Maharashtra Cricket Association Stadium, Pune",Pune,India,1384421,Afghanistan,Sri Lanka,win,Afghanistan,1
31,league,L,2023-10-31,Bangladesh,Pakistan,"Eden Gardens, Kolkata",Kolkata,India,1384422,Bangladesh,Pakistan,win,Pakistan,1
32,league,L,2023-11-01,New Zealand,South Africa,"Maharashtra Cricket Association Stadium, Pune",Pune,India,1384423,New Zealand,South Africa,win,South Africa,1
33,league,L,2023-11-02,India,Sri Lanka,"Wankhede Stadium, Mumbai",Mumbai,India,1384424,India,Sri Lanka,win,India,1
34,league,L,2023-11-03,Afghanistan,Netherlands,"Ekana Cricket Stadium, Lucknow",Lucknow,India,1384425,Afghanistan,Netherlands,win,Afghanistan,1
35,league,L,2023-11-04,New Zealand,Pakistan,"M. Chinnaswamy Stadium, Bengaluru",Bengaluru,India,1384426,New Zealand,Pakistan,win,Pakistan,1
36,league,L,2023-11-04,Australia,England,"Narendra Modi Stadium, Ahmedabad",Ahmedabad,India,1384427,Australia,England,win,Australia,1
37,league,L,2023-11-05,India,South Africa,"Eden Gardens, Kolkata",Kolkata,India,1384428,India,South Africa,win,India,1
38,league,L,2023-11-06,Bangladesh,Sri Lanka,"Arun Jaitley Cricket Stadium, Delhi",Delhi,India,1384429,Bangladesh,Sri Lanka,win,Bangladesh,1
39,league,L,2023-11-07,Afghanistan,Australia,"Wankhede Stadium, Mumbai",Mumbai,India,1384430,Afghanistan,Australia,win,Australia,1
40,league,L,2023-11-08,England,Netherlands,"Maharashtra Cricket Association Stadium, Pune",Pune,India,1384431,England,Netherlands,win,England,1
41,league,L,2023-11-09,New Zealand,Sri Lanka,"M. Chinnaswamy Stadium, Bengaluru",Bengaluru,India,1384432,New Zealand,Sri Lanka,win,New Zealand,1
42,league,L,2023-11-10,Afghanistan,South Africa,"Narendra Modi Stadium, Ahmedabad",Ahmedabad,India,1384433,Afghanistan,South Africa,win,South Africa,1
43,league,L,2023-11-11,Australia,Bangladesh,"Maharashtra Cricket Association Stadium, Pune",Pune,India,1384434,Australia,Bangladesh,win,Australia,1
44,league,L,2023-11-11,England,Pakistan,"Eden Gardens, Kolkata",Kolkata,India,1384435,England,Pakistan,win,England,1
45,league,L,2023-11-12,India,Netherlands,"M. Chinnaswamy Stadium, Bengaluru",Bengaluru,India,1384436,India,Netherlands,win,India,1
46,semi,,2023-11-15,L1,L4,"Wankhede Stadium, Mumbai",Mumbai,India,1384437,India,New Zealand,win,India,1
47,semi,,2023-11-16,L2,L3,"Eden Gardens, Kolkata",Kolkata,India,1384438,South Africa,Australia,win,Australia,1
48,final,,2023-11-19,W46,W47,"Narendra Modi Stadium, Ahmedabad",Ahmedabad,India,1384439,India,Australia,win,Australia,1
