city,stadium,country,capacity,role,wikipedia_article,commons_file,photo_caption,db_name_pattern,db_city_pattern,note,photo,photo_file,photo_author,photo_licence,photo_licence_url,photo_source
Johannesburg,Wanderers Stadium,South Africa,34000,Final,Wanderers Stadium,Wanderers Stadium 2024.jpg,,Wanderers,Johannesburg,also New Wanderers Stadium,wanderers-stadium.jpg,Wanderers Stadium 2024.jpg,TapticInfo,CC BY 4.0,https://creativecommons.org/licenses/by/4.0,https://commons.wikimedia.org/wiki/File:Wanderers_Stadium_2024.jpg
Cape Town,Newlands Cricket Ground,South Africa,25000,Semi-final 1,Newlands Cricket Ground,Newlands.jpg,,Newlands,Cape Town,,newlands-cricket-ground.jpg,Newlands.jpg,PaddyBriggs (English Wikipedia),Public domain,,https://commons.wikimedia.org/wiki/File:Newlands.jpg
Durban,Kingsmead Cricket Ground,South Africa,25000,,Kingsmead Cricket Ground,Kingsmead.jpg,,Kingsmead,Durban,,kingsmead-cricket-ground.jpg,Kingsmead.jpg,PaddyBriggs (English Wikipedia),Public domain,,https://commons.wikimedia.org/wiki/File:Kingsmead.jpg
Centurion,Centurion Park,South Africa,22000,Semi-final 2,Centurion Park,,"Boxing Day Test, December 2019",SuperSport Park|Centurion Park,Centurion,also SuperSport Park,centurion-park.jpg,flickr:49404965312,Dave Morton (ForwardDefensive),Public Domain Mark 1.0,https://creativecommons.org/publicdomain/mark/1.0/,https://www.flickr.com/photos/forwarddefensive/49404965312/
Bloemfontein,Mangaung Oval,South Africa,20000,,Mangaung Oval,Mangaung Oval 7.jpg,,Mangaung|Goodyear Park|Chevrolet Park|OUTsurance Oval|Springbok Park,Bloemfontein,"formerly Springbok Park, Goodyear Park, Chevrolet Park, OUTsurance Oval",mangaung-oval.jpg,Mangaung Oval 7.jpg,Walmaul,CC BY-SA 4.0,https://creativecommons.org/licenses/by-sa/4.0,https://commons.wikimedia.org/wiki/File:Mangaung_Oval_7.jpg
Gqeberha,St George's Park,South Africa,19000,,St George's Park Cricket Ground,"Sahara_Oval_St_George's,_uploaded_2005.jpg",,St George's Park,Port Elizabeth|Gqeberha,formerly Port Elizabeth,st-george-s-park.jpg,"Sahara_Oval_St_George's,_uploaded_2005.jpg",PaddyBriggs (English Wikipedia),Public domain,,"https://commons.wikimedia.org/wiki/File:Sahara_Oval_St_George%27s,_uploaded_2005.jpg"
KuGompo City,Buffalo Park,South Africa,16000,,Buffalo Park,,,Buffalo Park,East London|KuGompo,formerly East London,,,,,,
Paarl,Boland Park,South Africa,10000,,Boland Park,Boland Park Cricket Ground.jpg,,Boland,Paarl,also Boland Bank Park,boland-park.jpg,Boland Park Cricket Ground.jpg,Jshecket,CC BY 4.0,https://creativecommons.org/licenses/by/4.0,https://commons.wikimedia.org/wiki/File:Boland_Park_Cricket_Ground.jpg
Harare,Harare Sports Club,Zimbabwe,10000,,Harare Sports Club,,,Harare Sports Club,.*,,,,,,,
Bulawayo,Queens Sports Club,Zimbabwe,12500,,Queens Sports Club,,,Queens Sports Club,.*,,,,,,,
Victoria Falls,Mosi-oa-Tunya International Cricket Stadium,Zimbabwe,10000,,Victoria Falls Cricket Stadium,,,Mosi-oa-Tunya,.*,"new ground, built for the World Cup",,,,,,
Windhoek,Namibia Cricket Ground,Namibia,7000,Super Series host,Namibia Cricket Ground,Namibia National Cricket Ground - Windhoek.jpg,Main stand under construction (2025),Namibia Cricket Ground,.*,,namibia-cricket-ground.jpg,Namibia National Cricket Ground - Windhoek.jpg,Chtrede,CC BY-SA 4.0,https://creativecommons.org/licenses/by-sa/4.0,https://commons.wikimedia.org/wiki/File:Namibia_National_Cricket_Ground_-_Windhoek.jpg
